-- MySQL dump 10.13  Distrib 5.7.17, for Win64 (x86_64)
--
-- Host: localhost    Database: tmall_ssm
-- ------------------------------------------------------
-- Server version	5.7.19-log

/*!40101 SET @OLD_CHARACTER_SET_CLIENT=@@CHARACTER_SET_CLIENT */;
/*!40101 SET @OLD_CHARACTER_SET_RESULTS=@@CHARACTER_SET_RESULTS */;
/*!40101 SET @OLD_COLLATION_CONNECTION=@@COLLATION_CONNECTION */;
/*!40101 SET NAMES utf8 */;
/*!40103 SET @OLD_TIME_ZONE=@@TIME_ZONE */;
/*!40103 SET TIME_ZONE='+00:00' */;
/*!40014 SET @OLD_UNIQUE_CHECKS=@@UNIQUE_CHECKS, UNIQUE_CHECKS=0 */;
/*!40014 SET @OLD_FOREIGN_KEY_CHECKS=@@FOREIGN_KEY_CHECKS, FOREIGN_KEY_CHECKS=0 */;
/*!40101 SET @OLD_SQL_MODE=@@SQL_MODE, SQL_MODE='NO_AUTO_VALUE_ON_ZERO' */;
/*!40111 SET @OLD_SQL_NOTES=@@SQL_NOTES, SQL_NOTES=0 */;

--
-- Table structure for table `category`
--
-- 商城DDL
DROP DATABASE IF EXISTS tmall_ssm;
CREATE DATABASE tmall_ssm DEFAULT CHARACTER SET utf8;
USE `tmall_ssm`;

-- 分类
DROP TABLE IF EXISTS `category`;
/*!40101 SET @saved_cs_client     = @@character_set_client */;
/*!40101 SET character_set_client = utf8 */;
CREATE TABLE `category` (
  `id` int(11) NOT NULL AUTO_INCREMENT COMMENT '唯一索引id',
  `name` varchar(255) NOT NULL COMMENT '分类的名字',
  PRIMARY KEY (`id`)
) ENGINE=InnoDB AUTO_INCREMENT=17 DEFAULT CHARSET=utf8;
/*!40101 SET character_set_client = @saved_cs_client */;

--
-- Dumping data for table `category`
--

LOCK TABLES `category` WRITE;
/*!40000 ALTER TABLE `category` DISABLE KEYS */;
INSERT INTO `category` VALUES (1,'女装 /内衣'),
(2,'男装 /运动户外'),
(3,'女鞋 /男鞋 /箱包'),
(4,'美妆 /个人护理'),(5,'腕表 /眼镜 /珠宝饰品'),(6,'手机 /数码 /电脑办公'),(7,'母婴玩具'),(8,'零食 /茶酒 /进口食品'),(9,'生鲜水果'),(10,'大家电 /生活电器'),(11,'家具建材'),(12,'汽车 /配件 /用品'),(13,'家纺 /家饰 /鲜花'),(14,'医药保健'),(15,'厨具 /收纳 /宠物'),(16,'图书音像');
/*!40000 ALTER TABLE `category` ENABLE KEYS */;
UNLOCK TABLES;

--
-- Table structure for table `order_`
--

DROP TABLE IF EXISTS `order_`;
/*!40101 SET @saved_cs_client     = @@character_set_client */;
/*!40101 SET character_set_client = utf8 */;
CREATE TABLE `order_` (
  `id` int(11) NOT NULL AUTO_INCREMENT COMMENT '唯一索引id',
  `order_code` varchar(255) NOT NULL COMMENT '订单号',
  `address` varchar(255) NOT NULL COMMENT '收货地址',
  `post` varchar(255) NOT NULL COMMENT '邮编',
  `receiver` varchar(255) NOT NULL COMMENT '收货人姓名',
  `mobile` varchar(255) NOT NULL COMMENT '手机号码',
  `user_message` varchar(255) NOT NULL COMMENT '用户备注的信息',
  `create_date` datetime NOT NULL COMMENT '订单创建时间',
  `pay_date` datetime DEFAULT NULL COMMENT '订单支付时间',
  `delivery_date` datetime DEFAULT NULL COMMENT '发货日期',
  `confirm_date` datetime DEFAULT NULL COMMENT '确认收货日期',
  `user_id` int(11) DEFAULT NULL COMMENT '对应的用户id',
  `status` varchar(255) NOT NULL COMMENT '订单状态',
  PRIMARY KEY (`id`),
  KEY `fk_order_user` (`user_id`),
  CONSTRAINT `fk_order_user` FOREIGN KEY (`user_id`) REFERENCES `user` (`id`)
) ENGINE=InnoDB AUTO_INCREMENT=23 DEFAULT CHARSET=utf8;
/*!40101 SET character_set_client = @saved_cs_client */;


--
-- Table structure for table `order_item`
--

DROP TABLE IF EXISTS `order_item`;
/*!40101 SET @saved_cs_client     = @@character_set_client */;
/*!40101 SET character_set_client = utf8 */;
CREATE TABLE `order_item` (
  `id` int(11) NOT NULL AUTO_INCREMENT COMMENT '唯一索引id',
  `product_id` int(11) NOT NULL COMMENT '对应产品id',
  `order_id` int(11) DEFAULT NULL COMMENT '对应订单id',
  `user_id` int(11) NOT NULL COMMENT '对应用户id',
  `number` int(11) DEFAULT NULL COMMENT '对应产品购买的数量',
  PRIMARY KEY (`id`),
  KEY `fk_order_item_product` (`product_id`),
  KEY `fk_order_item_order` (`order_id`),
  KEY `fk_order_item_user` (`user_id`),
  CONSTRAINT `fk_order_item_order` FOREIGN KEY (`order_id`) REFERENCES `order_` (`id`),
  CONSTRAINT `fk_order_item_product` FOREIGN KEY (`product_id`) REFERENCES `product` (`id`),
  CONSTRAINT `fk_order_item_user` FOREIGN KEY (`user_id`) REFERENCES `user` (`id`)
) ENGINE=InnoDB AUTO_INCREMENT=31 DEFAULT CHARSET=utf8;
/*!40101 SET character_set_client = @saved_cs_client */;




--
-- Table structure for table `product`
--

DROP TABLE IF EXISTS `product`;
/*!40101 SET @saved_cs_client     = @@character_set_client */;
/*!40101 SET character_set_client = utf8 */;
CREATE TABLE `product` (
  `id` int(11) NOT NULL AUTO_INCREMENT COMMENT '唯一索引id',
  `name` varchar(255) NOT NULL COMMENT '产品的名称',
  `sub_title` varchar(255) DEFAULT NULL COMMENT '小标题',
  `price` float DEFAULT NULL COMMENT '价格',
  `sale` int(11) DEFAULT NULL COMMENT '销量',
  `stock` int(11) DEFAULT NULL COMMENT '库存',
  `category_id` int(11) DEFAULT NULL COMMENT '对应的分类id',
  PRIMARY KEY (`id`),
  KEY `fk_product_category` (`category_id`),
  CONSTRAINT `fk_product_category` FOREIGN KEY (`category_id`) REFERENCES `category` (`id`)
) ENGINE=InnoDB AUTO_INCREMENT=27 DEFAULT CHARSET=utf8;
/*!40101 SET character_set_client = @saved_cs_client */;

--
-- Dumping data for table `product`
--

LOCK TABLES `product` WRITE;
/*!40000 ALTER TABLE `product` DISABLE KEYS */;
INSERT INTO `product` VALUES
(22,'杨宏伟肖像','万人抢购',99999,9999,1,2),
(23,'Air Jordan 1乔 1黑红脚趾小闪电黑灰绿黄蓝月六冠王扣碎','全场正品 达人推荐 无忧退换',1499.99,1000,1000,3),
(24,'耐克 NIKE AIR MAX 97 SE PULL TAB 白蓝串标子弹鞋AQ4126-400','我好像要一双!!!!',1999.99,1000,1000,3),
(25,'stussy卫衣男supreme外套欧美bape斯图西潮牌情侣装superme','好看,我想要!!!',2000.99,1000,1000,2),
(26,'李宁男装T恤中国纽约时装周短袖汉字时尚限量透气运动衫AHSN645','万人抢购',499.99,1000,1000,2);
/*!40000 ALTER TABLE `product` ENABLE KEYS */;
UNLOCK TABLES;

--
-- Table structure for table `product_image`
--

DROP TABLE IF EXISTS `product_image`;
/*!40101 SET @saved_cs_client     = @@character_set_client */;
/*!40101 SET character_set_client = utf8 */;
CREATE TABLE `product_image` (
  `id` int(11) NOT NULL AUTO_INCREMENT COMMENT '唯一索引id',
  `product_id` int(11) DEFAULT NULL COMMENT '对应的产品id',
  PRIMARY KEY (`id`),
  KEY `fk_product_image_product` (`product_id`),
  CONSTRAINT `fk_product_image_product` FOREIGN KEY (`product_id`) REFERENCES `product` (`id`)
) ENGINE=InnoDB AUTO_INCREMENT=126 DEFAULT CHARSET=utf8;
/*!40101 SET character_set_client = @saved_cs_client */;

--
-- Dumping data for table `product_image`
--

LOCK TABLES `product_image` WRITE;
/*!40000 ALTER TABLE `product_image` DISABLE KEYS */;
INSERT INTO `product_image` VALUES (26,7),(27,7),(28,7),(29,7),(30,7),(101,22),(102,22),(103,22),(104,22),(105,22),(106,23),(107,23),(108,23),(109,23),(110,23),(111,24),(112,24),(113,24),(114,24),(115,24),(116,25),(117,25),(118,25),(119,25),(120,25),(121,26),(122,26),(123,26),(124,26),(125,26);
/*!40000 ALTER TABLE `product_image` ENABLE KEYS */;
UNLOCK TABLES;

--
-- Table structure for table `property`
--

DROP TABLE IF EXISTS `property`;
/*!40101 SET @saved_cs_client     = @@character_set_client */;
/*!40101 SET character_set_client = utf8 */;
CREATE TABLE `property` (
  `id` int(11) NOT NULL AUTO_INCREMENT COMMENT '唯一索引id',
  `name` varchar(255) DEFAULT NULL COMMENT '属性名称',
  `category_id` int(11) NOT NULL COMMENT '对应的分类id',
  PRIMARY KEY (`id`),
  KEY `fk_property_category` (`category_id`),
  CONSTRAINT `fk_property_category` FOREIGN KEY (`category_id`) REFERENCES `category` (`id`)
) ENGINE=InnoDB AUTO_INCREMENT=7 DEFAULT CHARSET=utf8;
/*!40101 SET character_set_client = @saved_cs_client */;

--
-- Dumping data for table `property`
--

LOCK TABLES `property` WRITE;
/*!40000 ALTER TABLE `property` DISABLE KEYS */;
INSERT INTO `property` VALUES (1,'尺寸',1),(2,'厚薄',1),(3,'材质成分',1),(4,'货号',1),(5,'基础风格',1),(6,'品牌',1);
/*!40000 ALTER TABLE `property` ENABLE KEYS */;
UNLOCK TABLES;

--
-- Table structure for table `property_value`
--

DROP TABLE IF EXISTS `property_value`;
/*!40101 SET @saved_cs_client     = @@character_set_client */;
/*!40101 SET character_set_client = utf8 */;
CREATE TABLE `property_value` (
  `id` int(11) NOT NULL AUTO_INCREMENT COMMENT '唯一索引id',
  `product_id` int(11) NOT NULL COMMENT '对应产品id',
  `property_id` int(11) NOT NULL COMMENT '对应属性id',
  `value` varchar(255) DEFAULT NULL COMMENT '具体的属性值',
  PRIMARY KEY (`id`),
  KEY `fk_property_value_property` (`property_id`),
  KEY `fk_property_value_product` (`product_id`),
  CONSTRAINT `fk_property_value_product` FOREIGN KEY (`product_id`) REFERENCES `product` (`id`),
  CONSTRAINT `fk_property_value_property` FOREIGN KEY (`property_id`) REFERENCES `property` (`id`)
) ENGINE=InnoDB DEFAULT CHARSET=utf8;
/*!40101 SET character_set_client = @saved_cs_client */;

--
-- Dumping data for table `property_value`
--

LOCK TABLES `property_value` WRITE;
/*!40000 ALTER TABLE `property_value` DISABLE KEYS */;
/*!40000 ALTER TABLE `property_value` ENABLE KEYS */;
UNLOCK TABLES;

--
-- Table structure for table `referal_link`
--

DROP TABLE IF EXISTS `referal_link`;
/*!40101 SET @saved_cs_client     = @@character_set_client */;
/*!40101 SET character_set_client = utf8 */;
CREATE TABLE `referal_link` (
  `id` int(11) NOT NULL AUTO_INCREMENT COMMENT '唯一索引id',
  `text` varchar(255) NOT NULL COMMENT '超链显示的文字',
  `link` varchar(255) NOT NULL COMMENT '超链的地址',
  PRIMARY KEY (`id`)
) ENGINE=InnoDB AUTO_INCREMENT=9 DEFAULT CHARSET=utf8;
/*!40101 SET character_set_client = @saved_cs_client */;

--
-- Dumping data for table `referal_link`
--

LOCK TABLES `referal_link` WRITE;
/*!40000 ALTER TABLE `referal_link` DISABLE KEYS */;
INSERT INTO `referal_link` VALUES (1,'天猫会员','#nowhere'),(2,'电器城','#nowhere'),(3,'喵鲜生','#nowhere'),(4,'医药馆','#nowhere'),(5,'营业厅','#nowhere'),(6,'魅力惠','#nowhere'),(7,'飞猪旅游','#nowhere'),(8,'苏宁易购','#nowhere');
/*!40000 ALTER TABLE `referal_link` ENABLE KEYS */;
UNLOCK TABLES;

--
-- Table structure for table `review`
--

DROP TABLE IF EXISTS `review`;
/*!40101 SET @saved_cs_client     = @@character_set_client */;
/*!40101 SET character_set_client = utf8 */;
CREATE TABLE `review` (
  `id` int(11) NOT NULL AUTO_INCREMENT COMMENT '唯一索引id',
  `content` varchar(4000) DEFAULT NULL COMMENT '评价内容',
  `user_id` int(11) NOT NULL COMMENT '对应的用户id',
  `product_id` int(11) NOT NULL COMMENT '对应的产品id',
  `createDate` datetime DEFAULT NULL COMMENT '评价时间',
  PRIMARY KEY (`id`),
  KEY `fk_review_product` (`product_id`),
  KEY `fk_review_user` (`user_id`),
  CONSTRAINT `fk_review_product` FOREIGN KEY (`product_id`) REFERENCES `product` (`id`),
  CONSTRAINT `fk_review_user` FOREIGN KEY (`user_id`) REFERENCES `user` (`id`)
) ENGINE=InnoDB AUTO_INCREMENT=11 DEFAULT CHARSET=utf8;
/*!40101 SET character_set_client = @saved_cs_client */;


--
-- Table structure for table `user`
--

DROP TABLE IF EXISTS `user`;
/*!40101 SET @saved_cs_client     = @@character_set_client */;
/*!40101 SET character_set_client = utf8 */;
CREATE TABLE `user` (
  `id` int(11) NOT NULL AUTO_INCREMENT COMMENT '唯一索引id',
  `name` varchar(255) NOT NULL COMMENT '用户名称',
  `password` varchar(255) NOT NULL COMMENT '用户密码',
  PRIMARY KEY (`id`)
) ENGINE=InnoDB AUTO_INCREMENT=4 DEFAULT CHARSET=utf8;
/*!40101 SET character_set_client = @saved_cs_client */;

--
-- Dumping data for table `user`
--

LOCK TABLES `user` WRITE;
/*!40000 ALTER TABLE `user` DISABLE KEYS */;
INSERT INTO `user` VALUES (1,'yanghongwei','123'),(2,'hwyoung','123'),(3,'测试账号','123');
/*!40000 ALTER TABLE `user` ENABLE KEYS */;
UNLOCK TABLES;
/*!40103 SET TIME_ZONE=@OLD_TIME_ZONE */;

/*!40101 SET SQL_MODE=@OLD_SQL_MODE */;
/*!40014 SET FOREIGN_KEY_CHECKS=@OLD_FOREIGN_KEY_CHECKS */;
/*!40014 SET UNIQUE_CHECKS=@OLD_UNIQUE_CHECKS */;
/*!40101 SET CHARACTER_SET_CLIENT=@OLD_CHARACTER_SET_CLIENT */;
/*!40101 SET CHARACTER_SET_RESULTS=@OLD_CHARACTER_SET_RESULTS */;
/*!40101 SET COLLATION_CONNECTION=@OLD_COLLATION_CONNECTION */;
/*!40111 SET SQL_NOTES=@OLD_SQL_NOTES */;

-- Dump completed on 2018-07-13  9:27:34
